124,Aaliyah
374,Abdiel
144,Abe
167,Abelardo
19,Abigayle
148,Adan
73,Adele
314,Adolf
229,Adrian
156,Ahmed
90,Akeem
53,Alessandra
338,Alexander
282,Alfred
24,Aliya
84,Allison
375,Althea
133,Alva
275,Amelia
132,Americo
178,Amina
137,Amira
23,Andrew
130,Angel
183,Angela
335,Anika
370,Anita
369,Annabell
264,Annette
355,Arden
298,Art
382,Arturo
213,Arvid
353,Aryanna
76,Asa
61,Astrid
47,Augustus
11,Avery
43,Axel
235,Beau
58,Ben
360,Bettye
364,Brandt
98,Brannon
39,Braulio
196,Brianne
271,Brice
163,Bridget
6,Brigitte
165,Brody
160,Brooklyn
175,Brown
209,Camille
30,Candelario
312,Carlo
245,Carroll
81,Cassidy
17,Chadrick
31,Chauncey
112,Chet
200,Chloe
238,Christian
270,Christy
289,Cierra
278,Claud
49,Cleve
94,Clifford
321,Colby
42,Conner
185,Consuelo
205,Cornelius
362,Crawford
381,Cristal
80,Cristian
41,Cristina
99,Daisy
240,Dale
237,Dallas
337,Dana
7,Darlene
383,Darrick
239,David
246,Declan
10,Dejon
78,Delbert
290,Delilah
307,Delmer
358,Delpha
256,Delphia
138,Denis
361,Derrick
302,Deshawn
166,Desmond
287,Destiny
33,Domingo
393,Donavon
254,Donnell
180,Dorian
202,Dortha
224,Drew
122,Dusty
343,Easton
169,Ebba
75,Ebony
242,Eda
310,Edmund
356,Eleanore
247,Eliza
389,Elizabeth
93,Ella
52,Ellis
397,Elody
300,Elta
233,Elvis
288,Erica
105,Erik
241,Erling
158,Ernest
118,Ernie
261,Ervin
399,Estell
102,Estelle
72,Ethan
179,Eulalia
29,Eve
45,Ezekiel
311,Fabian
350,Fay
55,Felipe
113,Fernando
286,Florencio
377,Forrest
252,Foster
110,Freeda
262,Friedrich
341,Furman
296,Gabe
74,Gail
3,Garnet
157,Garnett
5,Gayle
21,Gene
230,Geoffrey
339,Giovanny
283,Gretchen
121,Harrison
50,Hayden
77,Haylee
303,Heather
234,Helene
323,Henriette
223,Henry
368,Hilma
347,Hilton
188,Horace
250,Hortense
151,Idell
119,Irwin
285,Isai
292,Ivory
208,Izabella
195,Jade
174,Jairo
40,Jamey
336,Jamison
199,Janet
131,Janie
100,Janis
139,Jany
8,Jarred
91,Jason
328,Jayde
198,Jed
62,Jeffery
176,Jenifer
373,Jennie
309,Jeramie
272,Jeremie
274,Jermaine
251,Jess
186,Joany
203,Jody
182,Johnathon
170,Johnnie
384,Johnny
54,Jordy
379,Julian
308,Julio
128,Juston
218,Kadin
342,Kailey
16,Kaitlin
365,Kaleigh
37,Kallie
114,Kariane
325,Karianne
38,Karine
260,Karl
346,Karolann
120,Karson
116,Katarina
125,Katelin
226,Katheryn
111,Kathleen
395,Katrina
220,Kaycee
189,Kaylie
87,Keagan
88,Keanu
108,Keely
187,Kelsi
269,Kennedi
70,Kenneth
106,Kenyatta
35,Keshaun
366,Kianna
32,Kody
13,Kristian
316,Kristoffer
331,Kylee
51,Kylie
79,Lafayette
317,Laverne
142,Lavon
330,Lavonne
28,Lee
210,Leland
257,Lelia
107,Lempi
371,Lemuel
357,Leola
127,Lexus
145,Liam
214,Libbie
86,Lorenz
305,Luella
280,Madalyn
327,Maegan
392,Magnus
171,Makenna
352,Manuela
83,Marcellus
150,Marcelo
228,Margarete
71,Margret
340,Mariana
333,Mariane
322,Marielle
44,Marlin
153,Marques
291,Marty
104,Mathilde
334,Matilde
295,Mckenzie
222,Mellie
348,Melvin
12,Mercedes
297,Miguel
177,Misael
263,Modesta
85,Monty
194,Morgan
92,Murl
332,Mylene
15,Myriam
36,Myrna
147,Myron
258,Myrtis
65,Name
140,Natasha
69,Nelle
96,Nestor
20,Nicole
219,Nikita
66,Noel
390,Norris
22,Novella
2,Nyasia
306,Obie
349,Odessa
46,Oliver
367,Oran
396,Orlando
284,Ottilie
149,Pamela
60,Paolo
363,Parker
212,Pedro
168,Peggie
57,Pierce
249,Pink
266,Precious
115,Priscilla
204,Prudence
387,Quincy
227,Quinten
162,Ralph
313,Ransom
211,Raquel
56,Reanna
206,Reba
216,Reed
378,Reina
123,Reinhold
141,Rey
154,Reyna
18,Rhianna
64,Richard
4,Richmond
244,River
197,Robb
82,Robyn
161,Rodolfo
301,Rogers
67,Rollin
215,Rosanna
59,Rosemarie
9,Rossie
376,Roxanne
134,Royal
265,Rubye
172,Ruth
129,Ryan
191,Samson
221,Sandrine
259,Sarai
136,Scarlett
324,Sean
192,Shanny
231,Shaun
143,Shawn
26,Shea
181,Sierra
201,Sincere
398,Solon
126,Sonya
184,Sophia
273,Stanton
34,Stevie
146,Susanna
225,Sydney
1,Sylvan
193,Teagan
253,Teresa
89,Terrence
277,Terrill
159,Thora
103,Tia
326,Timmy
388,Tina
248,Tommie
344,Tremaine
299,Trinity
25,Triston
48,Troy
293,Veda
95,Verda
173,Verona
164,Vida
152,Vincenza
97,Virginie
190,Vladimir
117,Wallace
14,Ward
109,Waylon
101,Webster
27,Weldon
63,Wendell
207,Wilbert
68,Wilhelm
268,Winona
372,Xander
155,Yvette
279,Zander
255,Zaria
329,Zechariah
