205,Brock_Greenholt86,5MDBPTXd2dGWzTl,Cydney17@yahoo.com,Lilla,Deckow,79540,Maximilian Route Edwardtown,0
894,Kelvin18,hvrS0WdnTBLKvFk,Houston.Cronin@yahoo.com,Kaylin,Dibbert,10468,Olin Field Casperborough,0
1582,Josiane.Dicki,rPrBBa8rON0Phhz,Savanah.Hermann30@hotmail.com,Rudy,Yost,32847,Barton Union Boganville,1
1936,Ole_Hauck36,TDFgbJVL_dTHL6J,Maida.Denesik@yahoo.com,Willy,Kuhic,89094,Schuppe Cliff Imaside,1
2129,Lemuel_Hintz82,RQTaUIghP4RxOka,Sasha_Boyle@yahoo.com,Sabina,Bradtke,54184,Rose Locks Jeffreyfort,0
2686,Nyasia.Gulgowski,CdjX5yQw3AuzYbA,Jessy_Considine59@gmail.com,Hector,Lesch,55750,Jaskolski Summit East Dexter,1
2835,Morris13,WNrBO4r8cL6KSfu,Jonathon_Nienow73@hotmail.com,Genevieve,Pouros,20568,Simonis Inlet Port Gwendolynville,1
3316,Nikolas_Kertzmann24,bh2rz1fjurefhSp,Jerad.Barrows86@gmail.com,Norbert,Emmerich,26180,McGlynn Shoal Jordynchester,1
3476,Kasey.Simonis,PbGdy2ZlCgWJSXm,Brooke.Hilpert@hotmail.com,Caterina,Waelchi,25762,Douglas Manor Pourosstad,1
3959,Stefanie.Shields41,fVnht0_IWARjYnW,Merle.Hand53@yahoo.com,Tito,Greenfelder,55533,Maya Islands North Kristian,1
3972,Daisha35,fxn_VXqHCX_MrAQ,Magdalena96@gmail.com,Gregg,Glover,12067,Schaefer Walks Rutherfordchester,0
4087,Jules5,qt9s_dsCqvW2KcC,Louisa_Durgan@hotmail.com,Geo,Hilpert,90867,Murray Pass Raynorland,0
4110,Jermain.Stamm58,R7fPidrtcq4QlYp,Dagmar44@gmail.com,Florencio,Kuhic,71001,Alden Loaf Aubreemouth,0
4382,Ima69,Owc1g4n3uXfha6E,Halle_Thiel49@hotmail.com,Krystal,Dooley,17703,Edythe Way Hartmannberg,1
4411,Mozell82,w_eFLUVk8ZXA3Iw,Derick_Konopelski56@hotmail.com,Shawn,Mayert,17839,Schaden Glens Aminaland,1
4499,Wilfredo12,QrYDftGXGKsgUfj,Miles_McDermott29@hotmail.com,Otilia,Dibbert,44924,Stanley Valleys Lake Dakotaburgh,1
4736,Fermin.Yundt63,lPRNghz19aEsnU7,Diamond77@gmail.com,Destinee,Ward,33568,Nicholas Village Marcosstad,1
4793,Kathleen.West95,tYw51Pv6KfbRNhl,Lauren7@yahoo.com,Lenna,Wisoky,18002,O'Hara Way Tomasaport,0
4888,Lonny_Upton93,Br54fu4PY8vsGeg,Mandy.Ruecker51@hotmail.com,Karolann,Zemlak,89105,Joe Corner Lydialand,0
5156,Trace_Dach17,RrejMQ12f2JfeC8,Mariam64@hotmail.com,Stanton,Willms,9036,Gerlach Flats Casperburgh,1
5244,Gregorio.Oberbrunner,Msc5RCbmHfJYCCH,Roderick27@hotmail.com,Cloyd,Strosin,95128,Sawayn Viaduct Isadoreburgh,1
5250,Lizzie87,cwQ42JHEsVtxlbR,Roosevelt_Rowe@hotmail.com,Geoffrey,Kertzmann,91860,America Squares West Alexandrea,0
5324,Thalia4,ePvxIAZVf7khsQN,Torrey_Schneider46@hotmail.com,Jadon,Raynor,71460,Barney Wells Baumbachport,1
5456,Elouise.Stracke80,7MHruzhe4pVWgJ3,Ramon_Kuvalis77@yahoo.com,Billie,Weissnat,78365,Jeffery Green Gretastad,1
5705,Loraine.Jacobson46,DJD6vT1pXMmrpz6,Faustino39@hotmail.com,Abigale,Willms,87022,Hazel Pike South Odell,0
5839,Shane.Armstrong26,ouc3XCk2fLcHyhc,Lexi89@yahoo.com,Margarete,Smith,27479,Hayes Stream Toniview,1
6016,Darrick_Bauch,zpr2tFjOssiTc4R,Rosalee.Wunsch@yahoo.com,Joan,Botsford,35048,Tromp Ford Kaytown,1
6078,Alexandro.Schaden62,PEJyojSVAVLb_nJ,Danika_Okuneva@yahoo.com,Frederick,Hyatt,22270,Larson Circle Nyaton,0
6239,Kaycee_Hamill,4FKHnhrlq9ZHRgJ,Mariana_Kutch6@yahoo.com,Devyn,Hammes,25082,Wiegand Station Lake Eudora,0
6762,Trevor.Kozey21,HakToezeWP9aBCX,Steve_Smitham50@yahoo.com,Zena,Ziemann,27062,Ritchie Lights Marjolainefurt,0
7570,Dawn.Barrows,_uGxMhCqfZKZbho,Curtis96@gmail.com,Lukas,Rodriguez,42353,Torphy Summit Kilbackmouth,1
7583,Annabelle_Herzog57,PM62ySJO_nX3sDc,Rowland40@yahoo.com,Moshe,Spinka,81831,Luettgen Glen North Willis,0
7975,Connie_Schneider,wqHkoUwZ6JXGxWn,Jeffry87@gmail.com,Dan,Brakus,82822,Kallie Parks Satterfieldhaven,0
8500,Tyson.Zboncak72,qiFbkFQFsiym3Hj,Alvah.Fisher77@yahoo.com,Amiya,Champlin,46831,King Junction Lake Raymundofort,1
8614,Stella.Lynch73,lj4l94vQG0dL8vs,Polly.Gibson@gmail.com,Norene,Monahan,32857,Lilyan Manor Runolfssonside,0
8738,Alessia_Langosh,3iyLU8BpV_JbbvT,Krystal23@yahoo.com,Fae,Wilderman,62678,Waylon Circle Pacochaport,0
8804,Heather1,T9e3GkZgBJ1lGXD,Bette_Will42@yahoo.com,Kasey,Dach,87456,Hermann Stream Edgarstad,1
9515,Nathanial.Stehr63,udvoy01Rzo3wQfS,Claude_Kilback39@hotmail.com,Silas,Kemmer,19297,Abernathy Trail Enosview,1
10073,Darrick75,BcCpw6suK_7sMkj,Lucienne.Halvorson@hotmail.com,Mohammed,Weimann,96567,Turcotte Mills Yvetteville,0
10744,Deanna_Towne48,yDySzq2SnnLK8q2,Aubree_Crona43@hotmail.com,Monica,Harris,55728,Laurence Bypass North Elsie,0
10898,Camren_McGlynn28,ofFM5D725sLXIHx,Hank61@gmail.com,Marcel,Schaefer,47858,Harber Locks Wittington,0
10967,Glen.Bayer,9A5hX8SmD4BdLe5,Lea.Wilkinson@gmail.com,Alvena,Considine,26709,Cruickshank Falls Lake Maureentown,0
11157,Austyn.Pouros,_zU3eeNo5FMxRm_,Tyrese_Anderson67@yahoo.com,Bobby,Bauch,69539,Labadie Land Keshawnland,1
11280,Edwina36,5qfUqDE5kFQtX3y,Dino.Johns@hotmail.com,Juwan,Lehner,21334,Macejkovic Circle Vandervortburgh,1
11315,Wilmer_Schultz76,Fns7EbADPeUq2oW,Wyman_Williamson57@hotmail.com,Lorenzo,Gottlieb,5297,Nels Throughway Kristaberg,1
11866,Eudora.Dickinson,0rjLdvHKHD8U7Ic,Gregorio.Lindgren@hotmail.com,Caleigh,Russel,75624,Harris Prairie Vandervorthaven,1
12006,Aurelia21,iwm6L4_7WLemldp,Orrin58@gmail.com,Danika,Sauer,38258,Elliot Squares McCulloughville,0
12028,Willard.Rolfson,fOOsY4VNd1A1OWW,Rafaela94@hotmail.com,Ken,Miller,90346,Gerald Overpass Beerhaven,0
12098,Gene.Gulgowski,Q9el0Y3joDorMP0,Mose37@hotmail.com,Delta,Moen,52294,Elinor Point East Pierre,0
12313,Briana8,8qx5vi01gcedFk8,Norwood.MacGyver22@hotmail.com,Letitia,Lehner,73648,Lynch Groves Quigleymouth,1
12560,Delphine_Rutherford,kjXgYfy9SiDB33t,Viola.Jakubowski@yahoo.com,Kariane,Mraz,33813,Hane Hollow East Mekhiborough,1
12595,Jakayla43,16lPjwOAaUQZkTc,Fatima_Auer@hotmail.com,Derrick,Schaefer,36954,Volkman Spring Tressaburgh,1
12636,Thad.Ryan87,CeEvMsquKNXZQxU,Zion64@gmail.com,Liliane,Kuhlman,65456,Tony Stream Shyannhaven,0
12691,Antonette.OReilly16,_bWH0XmW_53Gk2s,Elvera43@gmail.com,Rene,Schroeder,6107,Cristina Club Elroymouth,1
12996,Emily_Cormier,uzkMBMnhOpgPQIQ,Carlee.Rowe17@yahoo.com,Margarett,Kreiger,77095,Kozey Rue Janessaborough,1
13008,Mary72,SoC2foISkgyvOZ4,Zetta_Adams@yahoo.com,Sandrine,Nolan,37555,Hartmann Way East Faustino,0
13240,Noe_Hills,JW_Ht2Q0oCuHm8k,Demarco31@yahoo.com,Meta,Kunze,20509,Considine Terrace Port Mark,1
13422,Rogelio.Hickle39,L_FsV8VvVCY8mG1,Daren.Wehner85@yahoo.com,Liana,Hudson,5906,Wiza Ports Darronton,1
13565,Zella.Cummerata55,j0mEZBiNEHULR1Z,Rowena87@yahoo.com,Sedrick,Stark,74217,Morar Gardens Port Lillieborough,0
13776,Kirstin_Prosacco91,GbQengKYUkBuD0L,Julius.Ankunding@gmail.com,Jessica,Boyle,83923,Henri Branch Port Aniya,0
14094,Carmelo_Kris5,oo0aYvXAzGn89HW,Lewis.Fisher@gmail.com,Kirsten,Mann,85224,D'angelo Bridge East Tomasaside,1
14553,Avis.Thompson,XNIVZR1DmM1CuX4,Felicita.Hirthe@gmail.com,Linnie,Schroeder,87739,Eveline Spring South Jaronton,0
14566,Angelina_Daniel,4BnouFweK3EFLeK,Duncan12@yahoo.com,Tyra,Lind,25183,Upton Brooks Velmaville,0
14798,Linnea_Grady71,H19vzmUx2TSl0qv,Antonia.Cole62@gmail.com,Brandt,Conn,61369,Guillermo Glen Lake Allen,0
15037,Breanne.Cartwright,Looa0LSqApPlcWU,Carolanne67@gmail.com,Ashly,Runte,48743,Keshawn Pike Swaniawskifort,0
15185,Abdiel37,EHSaE9RCchsNFAc,Bernadette_Steuber95@hotmail.com,Jerrold,Dibbert,30632,Oberbrunner Garden Moseton,0
15432,Kiana_Maggio,sOBkUIQMFz61N3g,Vicenta_Harvey@yahoo.com,Sam,McDermott,27971,Rollin Course Lednerville,0
15539,Mayra_Metz29,NSitgeMl2MfLMvw,Wilbert.Willms@gmail.com,Marc,Wolf,91756,Schuster Junction New Willie,0
16297,Lottie.Dooley98,2yibK940fucaoU6,Ryder_Barrows@yahoo.com,Deontae,Blick,29458,Sipes Ranch Lake Harmony,0
16530,Wilmer36,ZXAlsdcR7hF8FYH,Candido_Hudson72@yahoo.com,Odell,Schiller,25428,Haylee Rue South Zeldabury,1
16896,Vincenzo9,JKBdKBQdguu2lh4,Melba_Ward20@yahoo.com,Alexis,Bernier,24368,Rigoberto Way Lake Frederic,1
16980,Rozella_Kemmer,6IRwrfTScIpUBKf,Taylor.Hegmann@yahoo.com,Elwin,Fahey,93984,Floy Cape East Reggiehaven,1
17472,Mertie_Stamm40,IFaSfqon7zU1olC,Andres_Cronin@gmail.com,Astrid,Marks,9975,Retta Stravenue Garnetville,0
17562,Ethyl73,o9hIXFQnOsNFxki,Lee45@hotmail.com,Lonny,Lubowitz,13347,Marlee Port South Gus,0
18054,Patience34,reMvtFu3hk6qthz,Santino.Aufderhar44@hotmail.com,Sophie,Ruecker,95774,Amely Trail Lake Hipolitotown,1
18174,Willard.Schimmel64,mfoZ2sbYATjYXCg,Aliya_Lemke76@yahoo.com,Ellsworth,Ryan,1541,Lysanne Run Haylieborough,0
18207,Isidro94,AiUnL9KOPQnQNRe,Tracey.VonRueden87@yahoo.com,Pink,Lubowitz,24202,Samir Glens Schadenshire,1
19377,Claudia41,pIddlhTdD0uVc5k,Jaylin_Predovic@hotmail.com,Zachariah,Ferry,3658,Kallie Hollow Jailynland,0
19435,Ronaldo94,GOWxaboovwPXwUR,Kamille48@gmail.com,Hester,Schulist,72347,Dudley Square East Price,1
20216,Garrick3,VSEIPbmWphGql7f,Alanna_Oberbrunner38@gmail.com,Twila,Schaden,2175,Lucienne Run New Krystal,1
20331,Lera.Boehm,e6NuNpYZ8xeGk6B,Craig45@yahoo.com,Jaron,Herman,83836,Muller Curve Lake Zoe,1
20478,Paolo.Dach89,yaIcQqv1eoWR3Gw,Nina_Streich@yahoo.com,Doug,Monahan,41891,Kihn Brook South Caroleland,0
20515,Arnold.Funk,beCzi4ElzdREr_G,Brenna37@yahoo.com,Darius,Powlowski,372,Oberbrunner View Mikaylashire,1
20733,Gerda_Friesen84,100IpbuyT9a3YN7,Burdette_Aufderhar27@hotmail.com,Roselyn,Rolfson,52159,Maggio River Myahhaven,1
20832,Wilfred_Rosenbaum,6kv7eJwv1URLzxv,Maye_Metz@hotmail.com,Rosario,Ritchie,81808,Jessy Heights West Percivalshire,0
21090,Sid_Mante66,ezSPpSVlFZEINAV,Albin_Rice57@gmail.com,Asha,Carroll,56335,Will Key Hirtheland,1
21457,Kailee.Ratke,NH8a9q812KOHbyU,Diana_Botsford90@yahoo.com,Ben,Cole,76446,Athena Courts Cummingsfort,0
21649,Yasmin22,x9QzXK1Y9_tp6iX,Conor.Padberg88@gmail.com,Jeanie,Greenfelder,86661,Dach Islands South Stanberg,0
21873,Cayla14,Y1kXeo_MmaT7Wn3,Celestine.Walter@gmail.com,Robert,Greenfelder,236,Willard Haven Mrazland,1
22288,Eryn_Fay,YcWfujHmfYP_JX9,Ivy.Hermann@gmail.com,Cooper,White,19672,Emerson Lake Waelchiland,0
22528,Oren.Lakin,WqCfUFQbhonc5kh,Jamil40@gmail.com,Sigurd,Cummings,10992,Swift Grove South Tysonfurt,1
22808,Cecelia_Rolfson45,KjsQF2rkqLXgKx6,Sydney31@hotmail.com,Howard,Williamson,48733,Konopelski Ridges Wisokymouth,1
22980,Conrad_Stroman,zoEhjOVJbJa_F2S,Molly.Shields@gmail.com,Pierre,Hermann,87329,Watsica Loop Beatricetown,0
23317,Etha.Dibbert49,nyraODWtPSwPhUo,Steve.Rath74@hotmail.com,Percival,Fritsch,19882,Rebecca Harbors Lake Bill,1
24116,Jarod_Kuhn,iPxnjLgl0QfCD35,Irwin_Rath@hotmail.com,Demond,Schultz,90827,Klocko Rapid Mantefort,1
24155,Elena.Klocko32,Yl87cFCbyfqF1K4,Garland88@hotmail.com,Ladarius,Grady,11635,Marion Trafficway East Ansel,1
24166,Brittany_Hammes,4oiRxdz6QbBi7RK,Simeon.Cummings@gmail.com,Drew,Kshlerin,33519,Gislason Bridge Sawaynmouth,0
24739,Mack.Kilback,2PXst_U4CXWqWq1,Jeanie10@hotmail.com,Cleve,Stracke,84947,Yundt Shores Isaiasfurt,1
24892,Kirstin85,QeLyqOQqnzuPLya,Whitney.Kuhlman13@hotmail.com,Janiya,Lakin,20812,Leland Mill Tristontown,0
25034,Clare.Keeling,paqqbEEDmzKe_UQ,Triston.Schinner4@gmail.com,Carlotta,Schoen,58363,Hintz Port Port Lukas,0
25194,Clement.Zboncak84,0CXGI9Z5Kn7U2Vr,Ahmad82@gmail.com,Grady,Gaylord,261,Blanda Branch Kleinburgh,1
25867,Ellen67,u3CqJr02gW9EGXm,Perry_Pollich95@gmail.com,Vladimir,Schmeler,54476,Stephany Fords MacGyverburgh,0
25902,Ryleigh93,fZMGEs6UOZJzTVe,Devonte46@gmail.com,Josiah,Gorczany,56260,Considine Stream Osinskimouth,0
26016,Felton.Schaefer,5MXuDo3vo_67Otj,Dorian.Bailey@hotmail.com,Hannah,Gibson,59027,Rod Orchard Moorehaven,1
26294,Katherine17,6NVMLv8yDeCKFyO,Rosendo_Murphy63@gmail.com,Justine,Smitham,65087,Karine Freeway South Patrick,1
26376,Carli.Herzog53,fZaCMvYsjXJBMSb,Toby33@yahoo.com,Easton,Yundt,94188,Walker Mount Jamiebury,1
26538,Rebeca8,NrXXW7ZQ5ZHKQ26,Kay.OConnell8@gmail.com,Kamren,Batz,61113,Arnulfo Track Lake Dwight,1
26655,Freddie53,E2GMS76ynilNViY,Jordane.Beer@hotmail.com,Irma,Bergnaum,77447,Hoeger Bridge Lake Aiden,0
27073,Anais60,RU4b4jGOJ9HhM2s,Breanne.Bernhard@gmail.com,Yoshiko,Bergnaum,78206,Cormier Tunnel Batzstad,1
27482,Wyatt_OReilly,Uzd_K0B0gZLczPN,Robbie82@gmail.com,Colby,Witting,48799,Casimir Club Lanceview,1
27537,Baby95,xPIGtQz_XwwNXEx,Hallie_Osinski21@yahoo.com,Willie,Jenkins,82697,Satterfield Fields Scotport,0
27662,Dorris.Cole93,7aHuDuJrHAsVEGn,Eli37@gmail.com,Arthur,Gutkowski,69056,Emil Estates Margemouth,0
27678,Nona.Lynch47,1QdEj78GclMVmXi,Shemar_Wisozk8@hotmail.com,Marques,McDermott,79191,Janie Springs West Ilaview,0
27885,Clair.Herzog,Rpg9QR8sGDlJNL1,Sydnie.Harvey@hotmail.com,Alvis,Wilderman,20483,Gusikowski Points Shieldsberg,1
28400,Alberto18,3Y4_bgQ9DTLFaVD,Heath_Hilpert42@yahoo.com,Ursula,Kub,69099,Ritchie Crescent Casimerfort,0
28621,Caesar5,hnEDKxIhdR39R_Q,Elijah_Bednar99@gmail.com,Norene,Cormier,15667,Estefania Island Taramouth,0
28839,Alphonso_Sawayn,a2Ie6HQmLm8gQ7l,Jaquelin_Kihn25@hotmail.com,Hanna,Boyle,23423,O'Keefe Motorway Erwinville,0
29217,Anthony_Pouros,zNRuhRKDTPG1btw,Gabe_Hyatt76@gmail.com,Lonzo,Daniel,38524,Adam Canyon East Ernestina,1
29448,Agustina98,xRutILpwddI345f,Arnulfo.Johnson8@hotmail.com,Tanya,Lang,68647,Feest Prairie North Gay,0
29769,Kennith16,9p4TWXJykwCaIGn,Troy85@hotmail.com,Vernie,Cormier,23287,Robin Court Floside,1
29876,Aylin_McDermott38,ioka4SP3VaHGafG,Larry_Rosenbaum@yahoo.com,Kristina,Zboncak,84906,Hettie Courts New Tevin,0
29954,Gladys24,NnoYteXjbdXBOSu,Maddison35@yahoo.com,Pearline,Abbott,26554,Katlyn Key Spencerfort,0
30218,Montana58,dCRmhoSQxKsY_0I,Destin46@yahoo.com,Leonardo,Vandervort,41684,Okuneva Isle South Helenahaven,1
30382,Zoe_Wilkinson,0r4WthYrC2CBcO6,Ashly.Farrell72@yahoo.com,Trevion,Bednar,46371,Oberbrunner Neck Port Esperanza,0
30398,Davon.Sipes,ZQNWNtYEwOwtsmo,Lenny.Koepp@gmail.com,Katelin,Ferry,89809,Veum Lake Kingview,0
30460,Eleanore95,w__Lu0Vl1caZgif,Rosina.Leuschke41@hotmail.com,Ryann,Jakubowski,93132,Brandt Loaf South Erichton,1
30487,Bethel52,udP2i3v_CeY9N3I,Kaylah_Hodkiewicz@yahoo.com,Susie,Lebsack,769,Pablo Spur Prohaskamouth,1
30489,Mina_Nicolas,AZHcTLwLORpCK_m,Bret_Kilback@gmail.com,Candelario,Wintheiser,78726,Christiansen Motorway Herzogbury,0
31245,Deondre94,eIWWlqpVSCA1zW0,Fernando.Hayes@gmail.com,Maximo,Bayer,58967,Oberbrunner Crossing New Chandler,0
31443,Angeline.Torphy,MOQIa0_7W4Y4mU1,Cary52@gmail.com,Rosie,Waters,26751,Flatley Shoals Port Lulaside,1
31949,Myriam.MacGyver,DlorL6354AS26bd,Sharon12@yahoo.com,Buddy,Berge,78247,Freddy Orchard Elyssaville,0
32347,Christine21,XIT9Lxdxgc8ko50,Jordane16@hotmail.com,Dennis,Orn,4054,Johns Ports Port Arnoldville,1
32741,Patricia_Robel51,Y_G4AjaUhwhDstV,Maya.Lueilwitz@hotmail.com,Citlalli,Gutmann,88060,MacGyver Plain Rylanstad,1
33208,Talia.Hegmann53,3EJ4asXX_aUCAK7,Omari26@gmail.com,Kyleigh,Corwin,55809,Collier Roads North Addiebury,0
33640,Elyssa.Jast96,SyolBuq_U5sKrU9,Ignacio.Weissnat24@hotmail.com,Xzavier,Bradtke,3614,Isobel Island Littelberg,1
33697,Josue_Sipes75,r57kWJOTcAPqrRz,Ramon96@hotmail.com,Jed,Bins,69070,Pfeffer Junctions New Geraldport,0
34001,Guy_Jaskolski86,S_Qxz8W80px58Ue,Madilyn.Purdy@yahoo.com,King,Hansen,53778,Bartell Walks Genesismouth,1
34379,Judy_Bogan,cvvHo2viHc64lgb,Judd.Brekke@hotmail.com,Lauriane,Metz,26066,Jaylen Plains Port Jennyfer,0
34471,Wade.Schaden,pVdCCRKPWcUZdY2,Riley59@gmail.com,Katrine,Murphy,97515,Sabryna Mission Torpfort,0
34481,Dorcas_Cormier81,RQymuRGyhZGwIhz,Jamison.Boehm2@hotmail.com,Warren,Bayer,99080,Eichmann Mission West Dexterborough,1
34859,Haskell8,GOA8CB0Jik0b5F5,Reymundo47@gmail.com,Madisen,Braun,21645,Kreiger Meadow Padbergfurt,1
34886,Fatima.Ullrich,ergrNQQJuX8WSGI,Ethel.Hilll@hotmail.com,Gayle,Strosin,62504,McKenzie Forge Russelburgh,0
34999,Sylvester33,8kk3eQR_NZ_cyEg,Amy.Kirlin61@yahoo.com,Lily,Schneider,36021,Nathen Divide South Godfrey,1
35613,Hattie_Batz17,HBWApv0oePAmsDv,Dusty_Cormier@hotmail.com,Dan,Kerluke,33372,Margot Trail East Jacyntheville,1
35782,Damion_Spinka,03lOjUqDgroEQSm,Deven95@yahoo.com,Elliott,Marks,17148,Aniya Curve South Jonathonchester,0
35861,Lyric80,SRSYGEuviNQwFCM,Eliseo.Kozey26@hotmail.com,Luella,Carroll,30509,Dawn Manors East Enrico,0
36166,Gail84,mRuIuzEqP3kE1VB,Jesse_Gottlieb67@yahoo.com,London,Rutherford,96335,Mante Street New Brennanborough,1
36453,Marcelino_Effertz53,Fa_0OzTvMy7PaZi,Tillman_Prosacco@gmail.com,Toney,Hauck,43123,Arlene Highway Lake Naomi,0
36490,Oleta.McClure90,zBiBJvn4_d4ApVi,Sandrine.Gottlieb@gmail.com,Vivian,Prohaska,68531,Jaquelin Wells East Ethelburgh,0
36570,Buford.Schmeler42,uY9v23hZ8UnejYD,Rafaela.Osinski@gmail.com,Humberto,Abernathy,67190,Dawn Mission Port Israel,0
36631,Amelia61,fOig6xAYmKj2f6c,Gisselle_Rice@yahoo.com,Mylene,Stroman,43630,Alexandre Heights Maevechester,1
36792,Nico.Conroy,fg0umr2Nay1TSpL,Maude0@yahoo.com,Amely,Lang,24951,Wuckert Alley East Lane,0
36840,Adan_Daugherty,tLNenVNvt0b95qS,Ashton_Wehner@yahoo.com,Guiseppe,Emmerich,65302,Veum Avenue Hartmannmouth,1
37221,Salvatore60,FPiCM4LrhKDok0h,Christiana.Heaney2@hotmail.com,Gracie,Batz,45654,Lula Ferry New Cody,0
37701,Brennan86,FeaZ6frwVDf3ne1,Alexane.Padberg94@hotmail.com,Marjolaine,Stokes,16825,Littel Stravenue Bradystad,0
38613,Adella.Prohaska,RWRqee0ZjztjTHi,Delmer90@yahoo.com,Josiah,Waelchi,28419,Casandra Ranch Port Titus,0
38901,Haskell_Simonis25,6yrkNYW8MnRq_qg,Gideon_Shanahan83@hotmail.com,Jacinto,Berge,26546,McKenzie Ford Port Maximillianton,1
39141,Arvid_Nienow88,JdlXMar3xnJV4jF,Buford_Howe21@hotmail.com,Afton,Hermann,16838,Gilda Terrace South Brown,1
39177,Vaughn_Swift21,BesZvBSodUGBxik,Alexis20@gmail.com,Arjun,Lesch,4877,Floy Port East Ashley,1
39430,Ollie_Turcotte18,SY_UvhpNTxbAO5L,Winona_Jerde@hotmail.com,Candelario,Koelpin,83082,Padberg Bypass South Ardithmouth,0
39573,Herta99,7FdbJvPfK4fdgK4,Mortimer73@hotmail.com,Verdie,Adams,68761,Schmeler Forks East Landen,1
39638,Isac_Bogan88,92ppBUjVLPY9gsO,Katelyn.Roberts@hotmail.com,Emilio,Greenfelder,20343,Mayer Harbor Haleyhaven,1
40160,Mauricio_Ortiz,iC8XG3fcYb5pwpw,Alexys.Klocko11@hotmail.com,Wava,Kozey,6012,Langosh Flats Ashleefort,1
40204,Charlie.Wiza,gsmWedCJmO2KaOx,Helga21@gmail.com,Lexus,Flatley,41451,Weldon Village Wolffton,0
40300,Marisol.Heaney,XCi33iDB1y3US2E,Charles36@gmail.com,Antwan,Torphy,62528,Diamond Garden Port Parisland,1
40453,Rhiannon8,QGZO215KtvaSGpF,Abbie.Schiller@yahoo.com,Emmanuel,Kub,70249,Stiedemann Creek Rodriguezville,0
41026,Candice_Gleichner,Po5wdwT2r5F4XBs,Judy.Flatley29@gmail.com,Meredith,Howe,62989,Naomie Rapid South Carlifort,1
41222,Lane.Reynolds25,eFPMIqQFecX05wy,Celestino74@gmail.com,Dusty,Beahan,21323,Padberg Drive Clementineside,1
41428,Cicero_Monahan,eIVd5SdffToYOrt,Presley_Smitham98@yahoo.com,Gino,Toy,92052,Koch Station East Adella,0
41598,Valerie79,eWiBsqUSHWWe2KG,Delaney.Stracke47@gmail.com,Arturo,Emmerich,82814,Labadie Skyway New Ronshire,1
41659,Kraig.Abbott,D1Dm3uRTQCSqPMc,Breanna.Balistreri@gmail.com,Ruthie,MacGyver,19911,Dach Branch Lake Evelyn,1
42169,Lorenz.Huel29,mJGgEEMEazmLyBk,Thurman31@hotmail.com,Luciano,Maggio,93022,Flatley Shore South Annette,0
42386,Gerson_Will,ktS_pmSnRQcxV2i,Braeden_Kunde49@hotmail.com,Rodrigo,Macejkovic,67915,Virginie Spurs Port Hiramhaven,0
42497,Vladimir_Veum,lGZVS2laHKbBuvD,Cyril.Hessel35@yahoo.com,Shemar,Greenholt,45307,Kemmer Mews Lake Alexis,1
42993,Colleen_Schmeler,cLd6_aNfwkX7Si_,Rory_Powlowski@yahoo.com,Chadd,Schneider,3622,Haley Courts Malcolmstad,1
43234,Domenica98,TXpKe7kshj9hnlS,Torey.Thompson75@yahoo.com,Isidro,Murray,36163,Rice Spur East Denisberg,0
43497,Rod_Franecki,Glf7GwVPrJS1rGB,Sidney.Lesch67@yahoo.com,Donny,Hilll,93690,Van Crescent New Hipolito,1
43594,Yesenia_Spinka26,oqSeTygmBPGwR3d,Vivienne.Romaguera79@yahoo.com,Maude,Osinski,55349,Waters Well Cindyfort,0
43657,Hassie_Lueilwitz17,roajt6K9EvNstU7,Chanel.Rau@gmail.com,Jaden,West,76033,Friesen Corner South Gretabury,0
43833,Russel_Mills,4_HSypjGy24oSdh,Leon.Hackett24@yahoo.com,Rylan,Dicki,72282,Abigale Plain North Geneland,0
44051,Tate.Stroman69,F_qhVBqNZ1eBhle,Bret.Bogisich48@hotmail.com,Malinda,Wolff,57757,Dietrich Courts East Ross,1
44735,Carleton97,bG9yVbg5fcd2cWi,Garett_Koss@yahoo.com,Mckayla,Torphy,92558,Tromp Burgs Keeblerside,0
44909,Johnson88,5pF7kyzupc6PFbf,Gustave_Prohaska62@yahoo.com,Paige,Aufderhar,65536,Aileen Lodge Bechtelarton,0
44977,Esta.Adams82,Wo2mkive_D_dIQo,Elliot.Harber@hotmail.com,Jamison,Emmerich,61085,Feeney Roads Robertoshire,1
45038,Monserrat.Watsica,DmYyoGYuocjmzeG,Sasha21@yahoo.com,Kobe,Altenwerth,10738,Ledner Prairie Elvafurt,0
45455,Isadore.Stoltenberg24,x0c82p1dcosIUo6,Scot.Kerluke71@hotmail.com,Josiane,Jerde,65928,Bernhard Skyway Lake Pasqualetown,0
45633,Alanna36,_Iy9XjLeqayBdCu,Ida.Schumm93@gmail.com,Luna,Rutherford,63204,Maryjane Heights Maggioshire,0
45667,Alexa_Weimann93,GMZiccgNfLiVfxE,Amani72@hotmail.com,Niko,Christiansen,35913,Kaitlin Extension Brekkeshire,1
45825,Mittie42,3POzouUlobkfYfv,Anastasia96@gmail.com,Taya,Spencer,50161,Gutkowski Trafficway Lake Glennie,0
45947,Gussie96,0fX2cL_FmsbVbvN,Elenor25@hotmail.com,Concepcion,Willms,12223,Schaden Plaza East Brannonshire,1
45968,Rodrick12,Or8ZIW3deSBbKTU,Lance86@gmail.com,Coty,Ebert,45177,Cassin Highway East Katelynbury,1
46562,Fabian.Treutel54,cRhVvGr2SDBYTDq,Hannah.Ruecker16@yahoo.com,Lamar,Stokes,31803,Davon Knoll Margotport,1
46564,Ressie81,7Tt9KD7YeIAPhP4,Clara.Robel@gmail.com,Katelyn,Terry,45164,Schoen Cape East Danaland,1
46582,Jeanette.Halvorson83,1flOPx5Kdq09H8K,Buford.Gaylord63@gmail.com,Mittie,Hettinger,26173,Homenick Fort Bartolettibury,1
46620,Soledad_Crona,fCtFf4gNzqH96Dw,Benton.Cremin@yahoo.com,Abigail,Reichert,67352,Hazle Coves New Dolly,0
46786,Stella_Huels34,gkdO7l6cYzJt2dm,Celestino26@yahoo.com,Avery,Treutel,73422,Yost Meadows Madysonstad,0
47290,Delores.Batz,_1cbeE9bPonGEAU,Katelynn94@yahoo.com,Ricardo,Funk,99267,Jessika Manors East Tania,0
47504,Damaris.Wolff51,WZCHcvT7OLLy9_K,Tyrel.Gulgowski@yahoo.com,Kaya,Wolf,37226,Dickens Island Manuelaville,0
47631,Cristobal5,9X9bCBZePxL5JRU,Ezra24@gmail.com,Rodger,Hodkiewicz,21602,Morissette Falls Dionville,1
47698,Kristina_Kuhic98,kBn_EdsG5NvSsRm,Eleanore_Schuster@gmail.com,Lori,Oberbrunner,79422,Ally Cape New Lerastad,1
48005,Herbert_Crist85,FqP2sb6o43mjDyo,Mellie.Rodriguez@hotmail.com,Shyanne,Halvorson,12547,Camden Falls Port Stella,1
48298,Agustina.Bayer,pp81pO11LtdmkNV,Camron55@yahoo.com,Cali,O'Hara,43038,Elinor Drive Port Cletusfort,0
48475,Katherine79,Ra3HJ2MchdXBrKN,Rosemarie_Kuphal17@yahoo.com,Myrl,Huel,57526,Sanford Courts South Edyth,1
48491,Ashly_Jacobson,cMqj2Wp_EXlvAfy,Bell96@gmail.com,Ephraim,Corkery,82349,Mohr Union Harberton,1
48931,Leda82,ClQZBf7XOZZg4R4,Pascale.Lueilwitz33@yahoo.com,Mariana,Nikolaus,88031,Aliza Lock New Esperanzamouth,1
49290,Lee.Muller43,WV2p6JEI1XjNO2v,Noble.Bashirian@yahoo.com,Lyda,Turner,28718,Labadie Fords New Kelsie,1
49464,Tyson_Ward,UjgrwvhtoHnSGSO,Jamel34@gmail.com,Beth,Stiedemann,67316,Chelsea Mountain East Danview,1
49798,Kelton_Cremin27,Lw9wVPySUsmvOQq,Frederick_Heidenreich@gmail.com,Elva,Mosciski,58781,Torrey Glens Amyatown,1
50187,Rashad_Jacobi,UNlFsG_UrAedI5q,Jaden.Deckow75@yahoo.com,Doris,Hartmann,57611,Nicolas Plains Friesenborough,1
50302,Modesto.Cummerata67,XZbPmWcizEfDJ4o,Rosella29@hotmail.com,Ronny,Denesik,53023,Steuber Overpass East Erich,0
50592,Kiarra.Berge55,gtxnUdykHjb6PC9,Ethel.Kshlerin@gmail.com,Heath,Tromp,87704,Velva Views Lake Albina,0
51284,Autumn.Rolfson,3fEKGnrsAArL1aC,Pablo_Raynor84@hotmail.com,Zoie,Hickle,83047,Weissnat Lodge Esperanzafurt,0
51294,Mia.Walker97,IZcVDAtrmPuCKMv,Daphney.Baumbach91@hotmail.com,Kian,Reilly,17220,Pacocha Extension Ottisside,1
51327,Valentina_Wolf74,40ucgp5remfI5hZ,Destiny82@yahoo.com,Donato,Schmeler,94681,Carolyne Camp North Katheryn,1
51636,Letitia64,1qm4uJcZTuSSgFj,Manuela13@gmail.com,Ashleigh,Schimmel,74830,Gennaro Hills West Moriah,1
51901,Carlee.Bins,cOARVpKIJWKgUz7,Micheal.Smitham29@hotmail.com,Garland,Schowalter,35624,Brekke Inlet Selinaborough,1
51925,Chanel.Lehner,dyHLIm4mVp4zBI0,Halle.Haag94@gmail.com,Sim,Auer,90705,Adeline Springs North Anika,0
52407,Ted.Douglas67,CB4GcaC5JL9VHkM,Carter58@gmail.com,Leonardo,Lemke,27242,Felix Grove West Ramonport,0
52590,Shad.Lang56,1U0tTM7d7NKxfow,Candido_Streich@hotmail.com,Liliana,Koelpin,64416,Rice Crossing South Rupert,1
52652,Tiara.Stanton99,VbTiiFp7EQmu7b6,Amanda24@hotmail.com,Nestor,McGlynn,34929,Jacobs Locks North Aron,0
52879,Flavio_Konopelski,uj9I_UdelwnLo4N,Jack_Kemmer@yahoo.com,Jairo,Leannon,95384,Dortha Junctions Boganview,0
54157,Cary_Kerluke8,wlV4QgBgnpzz5va,Carter_Gaylord@gmail.com,Keira,Lynch,76999,Bartholome Park South Christianaport,0
54473,Tyra_Champlin96,SjZgxPfcaWYf5uu,Sanford.Toy20@hotmail.com,Yadira,Kuhic,22038,Bruen Squares East Madisyn,1
54744,Donnell.Predovic,KhVxNlAIhJ7eI_D,Jeremie.Heidenreich@hotmail.com,Diana,Cormier,5446,Balistreri Greens Bofort,0
54755,Clifford22,xw7WlCRO9nXBqGz,Vergie25@yahoo.com,Hertha,Schuster,9304,Feil Plain Kuphalmouth,1
54828,Shyanne_Volkman,z3K3PcgaiRdJqe3,Selena.Hahn21@hotmail.com,Enid,Kshlerin,94917,Morar Passage Santiagoside,1
54987,Buck.Jerde64,BRAlas43sSnUBDG,Hertha32@gmail.com,Jaron,Macejkovic,34990,Tillman Mountain South Edd,1
55018,Vince.Dach97,rYMSJCLfDgaSnVs,Tracy13@yahoo.com,Reva,Armstrong,40759,Magnus Stream East Cristianborough,0
55376,Bernard_Hintz25,I1UY06RjZf_LBwt,Dominic.Christiansen@gmail.com,Alfredo,Stokes,38576,Jacobs Radial North Mitchell,1
55475,Jett_Wisoky,7MRgPdBd_65V4Cr,Alena16@yahoo.com,Destiney,West,4101,Cory Inlet Theresabury,0
55799,Ernest82,xqYY8tZ6UXlQxv2,Mariana.Jacobi55@gmail.com,Soledad,Lueilwitz,38903,Virgie Mission Nitzscheport,1
55990,Edwardo.Botsford,pfbgwmoot29HXNE,Kelton.Turner@hotmail.com,Samir,Cummerata,31637,Emmet Inlet Port Malikaport,1
56182,Antwon_Schoen14,pBCVmWuUAfacDBm,Sherwood_Wunsch@hotmail.com,Austyn,Ebert,27667,Abel Plaza Alysonfurt,0
57047,Emilio20,DEXAB7uJ2TSEvaX,Philip_Padberg39@gmail.com,Reginald,Lakin,5366,Gutkowski Cliff North Syble,1
57061,Nikki_Paucek62,ZBqVj0ogszD1Byd,Timmothy68@gmail.com,Jamaal,Sawayn,74069,Mercedes Shoal Kuhlmanmouth,0
57179,Edmund33,afKhF8Pfw9zrKjr,Godfrey_Strosin@hotmail.com,Adrienne,Osinski,85051,Thea Camp Port Alfonsoland,1
57698,Zackery.Marquardt,hMJKBw1cnO1Wjqa,Ashley.Fisher@gmail.com,Annalise,Smitham,13804,Gleason Port East Jackie,0
57932,Virginie51,iigGmV6qHTCW9nR,Irwin6@yahoo.com,Joanie,Carroll,81108,Bessie Course North Eula,0
58609,Quentin72,U872h8G8iZV1pV0,Mya.DAmore68@yahoo.com,Isai,Padberg,42648,Mario Manors Palmamouth,0
58784,Rollin.White23,_0UeH42w1VEnORq,Alvena55@yahoo.com,Baron,Rempel,97974,Goyette Place Mauricemouth,0
58837,Althea_Block19,R6mi7TUopjUH7IS,Alene20@yahoo.com,Ebba,Trantow,58398,Lind Place Travisport,1
58862,Janelle.Lockman,y2cij_PjbmUQbxP,Terry_Walker@gmail.com,Justus,McCullough,87429,Beier Flats Brannonland,0
59062,Mckayla31,5ktjVn1JDKo7yiN,Lonnie_Huel@yahoo.com,Berenice,Bauch,90065,Dovie Plains South Jordaneborough,1
59157,Trisha58,hbsiqAb5e_NnexI,William8@yahoo.com,Pauline,Ruecker,48902,Ruecker Hills Cartwrightton,0
59263,Eve.Koss,rZ6pG3OvSlAUJm3,Abelardo94@gmail.com,Emilia,Crooks,54056,Douglas Corners Lake Zellaville,1
59843,Retta.Cruickshank82,tklBfuTf50zEBX7,Augustus_Ziemann@gmail.com,Alana,Breitenberg,85666,Catalina Islands Lake Aricmouth,1
59947,Ludwig_Baumbach33,5vvnKfpqoHwm8qf,Jon.Lowe@hotmail.com,Gene,Emard,90439,Elaina Brook North Adamton,0
60480,Brock_Goodwin64,Kp9Fs1_J3x8byUL,Elouise73@yahoo.com,Yadira,Turcotte,18188,Cyrus Forge East Earleneton,0
60488,Natalie78,an_gxbfuqhmZSy0,Ezequiel88@yahoo.com,Mariane,Waters,96766,Glover Shoal Brownberg,0
61583,Odie.Keeling,IOQiwW_KUjgPOZq,Javon26@gmail.com,Ole,Smitham,7111,Brakus Village West Mark,0
61603,Adelle39,Bn80hvkkVCcgTCB,Murl_Mills95@gmail.com,Florence,Wilkinson,6010,Junius Villages Reginaldview,0
61829,Tito_Lubowitz90,76iXmOAxLVhaqi7,Vicente71@yahoo.com,Willa,Torphy,41528,VonRueden Rest Osinskimouth,0
61884,Kelley48,VzP5_b_3pwKyR7t,Gerry_Bins@hotmail.com,Tyrique,Reinger,83627,Nader Locks Fisherport,1
62224,Sofia70,Pkt3bXC0JTD4LB4,Haleigh.Deckow62@hotmail.com,Ari,Romaguera,54869,Bernita Vista New Lourdes,0
62403,Brooke16,B1LpaMIsbDEzX63,Robbie.McCullough@gmail.com,Rory,Koepp,80348,Candido Course Patiencemouth,1
62738,Josie15,19Jn2D9XXqwbH8H,Raphaelle_OConner18@hotmail.com,Josue,Prohaska,39624,Berry Village Bradleyland,1
62817,Lemuel56,uZVt5v2LLGDX8dU,Isabel_Breitenberg2@yahoo.com,Charley,O'Connell,18198,Stanton Street North Trinityhaven,1
62855,Joaquin.Hessel69,0tsfuPt1kn86iID,Rosina_West25@yahoo.com,Scottie,Harber,24643,Terry Passage Hauckland,1
63318,Ivy_Stamm,swYVvL_2qjeOgfc,Manley94@yahoo.com,Anika,Dare,80205,Kling Views East Sheldonhaven,1
63435,Dorthy.Mante,Q4zfJOm8nXVg8Ym,Davion62@gmail.com,Crystal,Green,86836,Bergnaum Estates Port Yesseniaborough,0
63644,Madison.Reynolds,eDFEHsxU7gKiRbe,Aidan.Kertzmann34@yahoo.com,Moshe,Murphy,28828,Ledner Place Gusikowskibury,0
63648,Miles_Harvey18,1dzZW3MIBdzswBP,Shaun.Braun75@yahoo.com,Lourdes,Quigley,25431,Corrine Viaduct Kurtburgh,0
63832,Wade24,T2OTOeS4cceSMzi,Selena.Kerluke75@yahoo.com,Macie,Pfannerstill,87232,Effertz Park North Leatha,1
63999,Shirley_Kub89,_gfZK9PhrydOlYT,Lysanne_Bins40@gmail.com,Owen,Kuhn,94653,Parker Pines North Gerda,1
64116,Tierra_Braun,qFMne8_nDG_vRqC,Kristofer.Kautzer@gmail.com,Ottilie,Funk,56079,Kihn Union Kleinton,1
64334,Marc.Berge72,X_wr_tXgs2KrxzC,Kaleb0@hotmail.com,Rick,Hessel,96192,Anderson Lake Port Yasmeenstad,0
64547,Adrianna20,0NydfaIiFg15yV7,Ernesto_Thiel@yahoo.com,Destini,Witting,1192,Chesley Corner Port Johnathonside,1
64800,Laurence.Hessel3,d4CQNKEzNW7wvyR,Osvaldo_Marquardt@yahoo.com,Vivian,Hickle,50274,Hipolito Cape Rueckerfurt,0
65121,Cristian67,UsmhEyMXyt64xDh,Wilfredo28@gmail.com,Lina,Macejkovic,73092,Dortha Spur Johnathanside,0
65603,Javon_Hayes74,wQDb95BnhUugxnN,Trystan_Koch47@gmail.com,Pearlie,Lind,18184,Lemke Pine Baileyborough,0
65939,Juana60,LpOtzOIe4PZV7iD,Macy.Larson@yahoo.com,Blanca,Roob,83700,Haag Inlet Vinniebury,0
67317,Dewayne41,wkQ0_FnfmN9N8cf,Julianne86@hotmail.com,Aliyah,Hand,32071,Rempel Spur Kristoferberg,0
67384,Carley.Mertz22,QHPuKnL0z2aEpvp,Skylar.Hodkiewicz@hotmail.com,Arjun,Gislason,70948,Torphy Court South Kamron,0
67895,Kasey.Johns,L_5ojsKSKZT_QKm,Thurman47@gmail.com,Drake,D'Amore,92225,Fletcher Cove Port Elisa,1
68330,May8,7p_Nuu9VURlyXSK,Alayna.Prohaska82@yahoo.com,Domenico,Schmidt,38465,Jast Spurs Lemkeberg,0
69517,Sarina.Hauck,Vt4T6IpHvKL6Amm,Efrain.Macejkovic@hotmail.com,Colt,Flatley,77831,Funk Meadows North Leiftown,1
69962,Jennie_Spencer,eRG6n7CvM8Th5i1,Annabelle.MacGyver12@yahoo.com,Vance,Hilll,9797,Josefa Parks Shieldsmouth,1
69992,Enrique_Schneider38,NSeXxqzWm0OIrTV,Brenda89@yahoo.com,Jacinthe,Willms,89460,Nella Parkways West Antwanfort,1
70678,Ladarius31,jGg_Op21vR9Ma0a,Baron_Schinner@gmail.com,Leland,Anderson,17947,McDermott Underpass Ilianaside,0
70754,Clementine55,PSt183iFJQFgMxu,Everette_Koelpin@yahoo.com,Odie,King,45542,Kuhic Port Lake Cory,1
70879,Dennis.Hudson78,W9HIstC2OPJjHlK,Guillermo20@yahoo.com,Otto,Gulgowski,28712,Koch Trail South Pamela,0
71221,Gerald.Batz5,EdjoMxGyNYMLqO8,Harmon71@gmail.com,Amya,Shields,66777,Shaylee Roads Millsmouth,0
71415,Lyla90,uSwUBQcKV1vV6aO,Walton.Hayes@gmail.com,Jailyn,Fahey,95643,Mertz Manors Pricetown,0
71694,Hester26,SlOMm8QXeOOrKIC,Kelli.Toy0@yahoo.com,Brennon,Borer,24603,Fay Place Bauchfurt,1
71942,Maynard96,HJuMYaczHBMl1bx,Antonetta.Mosciski@hotmail.com,Adah,Franecki,34008,Hilll Rest East Stacyton,0
72813,Camden0,0LO45hE7TRETfGO,Felix_Kerluke77@yahoo.com,Adam,Waelchi,38768,Botsford Burg Leschview,0
72851,Katlyn_McKenzie,rgqXxlaHxScNFu8,Arjun.Reinger79@hotmail.com,Eloy,Osinski,51891,Rosenbaum Trafficway Kristofferville,0
73026,Arthur_Gutmann,yFND4KaOzZ93o92,Herta.Streich80@hotmail.com,Helen,Friesen,34635,Balistreri Fords Lake Delphiaside,1
73037,Audie.White28,2MbaNaIDD2cMEvQ,Kyla_Cassin@yahoo.com,Kade,Spinka,14214,Runte Green Port Llewellyn,1
73181,Princess.Hodkiewicz,ZndoBhGdR4lpBz8,Kiel60@yahoo.com,Freddie,Stiedemann,65501,Jaycee Prairie Port Vilmaport,0
73341,Donny_Weber,gj_9aIAdR1nfRWY,Webster.Batz@yahoo.com,Bonnie,Torphy,98193,Zulauf Forest West Kaya,0
73373,Tom10,wJdDhUjwtu9pDUr,Ford20@hotmail.com,Shayna,Fritsch,87693,Ceasar Oval North Dustymouth,0
73485,Golden.Boehm,izTNg66CV0zAaWQ,Amie45@yahoo.com,Marques,Cassin,76354,Jacobs Avenue Albinaview,1
73551,Keon.Waelchi,MBrqc17DRFsSNbC,Anais.Bauch@gmail.com,Autumn,O'Reilly,43348,Volkman Lock Clairfurt,0
73923,Hassie_Carroll33,1vsR_UGGf66il_B,Leif.Murphy65@hotmail.com,Mable,Yost,60787,Hessel Island Ethanhaven,1
74078,Neha.Satterfield52,5eFX60DEWoyXQYh,Johanna_Cassin@gmail.com,Janie,Hirthe,48396,Huel Radial Beierchester,0
74352,Alisa_Medhurst44,rByE6v0o5BMmtNd,Max_Bode@yahoo.com,Maryam,Fay,93642,Morar Prairie Friesenside,1
74364,Cloyd_Deckow83,abCB8WVL_2b7Y0z,Alphonso.Tillman@yahoo.com,Aurelia,Glover,70423,Domenica Alley Danniestad,1
74570,Maribel17,u_VeCiVBD_5m0sl,Tito.Gerlach24@yahoo.com,Amina,Kozey,61621,O'Conner Row Lake Baron,1
74701,Belle.Rice,NY7LFZTtDH2B5By,Karianne_Swift28@yahoo.com,Fannie,Jerde,24757,Von Squares Port Orenchester,1
74730,Shanie_Sawayn83,6jvVpYQl9xhnbgj,Kieran.Gerlach81@yahoo.com,Fleta,Schamberger,4017,Nicolas Flats Mistyhaven,0
74969,Golden_Kutch87,uHMjj8ubnGCcTUZ,Mercedes_Daugherty59@yahoo.com,Juvenal,O'Kon,44349,Julia Cliffs Kristown,1
75310,Efren46,dv09OMg7aNRtuho,Mathias_Grady69@yahoo.com,Cornelius,Connelly,62182,Evangeline Causeway New Olenport,1
76484,Jan_Ratke,fx1wN8H7CKpoTUd,Nannie46@hotmail.com,Leatha,Price,28372,Parker Crossroad East Tommieville,0
76535,Melissa43,zTX1VB6pushEpoV,Kiana_Haley@gmail.com,Hermina,Gislason,80744,Cameron Track Rethachester,1
76655,Kenna.OHara,XJEicpRj5CSNcL9,Keely.Mosciski3@hotmail.com,Deshawn,Hagenes,16300,Jamir Grove East Dudleyshire,0
76751,Beau.Goodwin51,1V6Iw2ySDrx4ioT,Rita.Rowe@yahoo.com,Pete,Schumm,66636,Omari Groves Botsfordport,0
77063,Sidney.Gerlach59,LKz3tXX5yhHOiWq,Rudy.Leannon@yahoo.com,Donato,Deckow,38490,Audie Viaduct Taureanshire,1
77203,Maud_Harvey,0ezp9RQqdweaJxA,Elsa20@hotmail.com,Joana,Carter,65588,Legros Square Novellashire,1
77284,Clementina76,tYM1_h5wFnT8xir,Aidan.Stokes96@gmail.com,Noel,Yundt,44342,Stark Vista Coopermouth,1
78120,Leatha.Ebert69,qf49BRrpLMvrieT,Domenic.Zemlak58@hotmail.com,Easton,Mayert,41913,Baumbach Divide South Devante,0
78696,Cathryn_Kiehn71,gPOZIAcVFIm32PM,Elyse_Labadie15@yahoo.com,Salvador,Schroeder,39995,Rolfson Point Lake Daphnee,0
79171,Nathanael53,kkTh6IuLSnqTDwR,Erich_Gulgowski@gmail.com,Janae,Sporer,13567,Simonis Forks Port Keeley,1
79173,Kay.Hickle58,CUgL7NNF65BB84L,Matt36@gmail.com,Delphine,Cummings,70679,Mertie Corner Moenmouth,1
79220,Clemens.Osinski85,fi_AHkeykqkMkVd,Thurman53@hotmail.com,Elouise,Lakin,96222,Viviane Walk East Kavon,1
79260,Una.Christiansen,TCCcFCWgZh5Kmf3,Oran90@yahoo.com,Kolby,Boyer,68945,Stamm Corners Shemarburgh,0
80024,Major.Leffler80,hZxnVNegfvCeym_,Stephanie.Cremin@gmail.com,Carolyne,Kilback,44763,Jennie Island Loganland,0
80288,Itzel.Lakin,HWWx1hrSeXOuFkr,Victoria_Hayes46@hotmail.com,Chesley,Parisian,96058,Bobbie Park Funkmouth,0
80292,Anthony.Boehm31,n8l44DQWTzHsu4D,Lizzie14@yahoo.com,Lilyan,Flatley,50202,Greenholt Curve New Bo,0
80318,Denis.Schuster,2Wvb_4I9ZZEQjxy,Winfield_Klein@gmail.com,Hattie,Mayer,45238,Dario Springs Port Bobbieville,0
80712,Alberto85,hZjOYsujqBs7IMe,Emelia_Witting@gmail.com,Cristal,Aufderhar,88729,Legros Track Bennettborough,1
80766,Jaden_West,yEs7buxQDm9Y3MP,Bernice.Schiller30@hotmail.com,Jayson,Raynor,14514,Lauriane Road Elmirachester,1
80937,Damion13,YLZwkmt0OJje42I,Adolfo7@hotmail.com,Jamil,Mraz,27681,Ellis Drives South Korey,0
81124,Alejandrin_Krajcik,X2cdOaV3HBFI4_E,Cale19@yahoo.com,Rogelio,Klocko,66813,Arvel Hollow Siennahaven,1
81430,Arden.Upton,p_uEgJS4pof_S3l,Una.Dickens@gmail.com,Ismael,Labadie,73086,Raymundo Wells Ryanmouth,1
82072,Sven.Emard,9_J7xWlmjSvKlCk,Alfonzo_Stracke5@gmail.com,Aurore,Denesik,31909,Hettinger Extensions Lake Esmeralda,1
83155,Myra.Walsh,E5jYnfi8qSBZgoY,Raleigh.Daniel87@hotmail.com,Mazie,Berge,69380,Koepp Shoal Roobtown,0
83462,Randy_Murazik,8slvUuI69LzbYZn,Velma_Kassulke51@yahoo.com,Retta,Mohr,48637,Luettgen Ville North Luella,0
83621,Jamaal72,5GsNGI7dZUGwVAi,Clark54@hotmail.com,Lisandro,Donnelly,35436,Mann Square Jastshire,0
84652,Sabryna_Hammes48,q5MeIPIT_CjyPC_,Dovie9@hotmail.com,Ephraim,Goodwin,67835,Marshall Mount Handmouth,1
84818,Leonie.Connelly15,HQ0m4_sHUboUudY,Cory72@hotmail.com,Orlando,Rice,98919,Adelia Plaza Annaliseview,0
85230,Jacinto.Cartwright,zKYAQAz6iaV5a2P,Gail.Becker@yahoo.com,Johnson,Waelchi,18448,Stanley Heights Feilton,1
85244,Zackary94,QO0pnCGwiTjXiCY,Lauriane_Brown93@yahoo.com,Glen,O'Reilly,14462,Satterfield Roads East Bennett,0
85368,Barrett11,WkfJskIM6LG3h_z,Madilyn_Tremblay@yahoo.com,Chester,Schroeder,50367,Sydney Street Pacochaview,1
85470,Kenyon.Farrell,8rMuqhVPJPS4bgi,Jazmin75@hotmail.com,Zaria,Ledner,86525,Walter Glens North Sally,0
85694,Daron.Kshlerin40,DkwLzx65pqv3Yvv,Ibrahim_Wolff@gmail.com,Imelda,Prosacco,29390,Dejuan Shores East Vinnieborough,0
85709,Allene_Champlin,jbfN90d41OhMCLf,Burdette_Bosco@gmail.com,Lee,Nader,41816,Alivia Road Langoshtown,1
85773,Tevin.Parisian,SfOPLA1AMEzoPCL,Ryder67@gmail.com,Norberto,Dietrich,92837,Runolfsson Parkways Port Sydniside,1
85873,Flavie.Konopelski,Ck7qRs7Z_a8AxyT,Trudie.Klocko@yahoo.com,Bulah,Hilll,61133,Schowalter Gateway Chetshire,1
85960,Agustina.Dibbert,aUOstYm10V9mLHo,Lew_Watsica@yahoo.com,Madalyn,Stracke,16252,Lonzo Burg New Brando,0
86668,Nolan.Bogan93,U1Lyd2vPUkbHCP8,Joana_Hudson47@hotmail.com,Fleta,Jerde,48671,Fay Keys South Yesseniamouth,0
87328,Myah_Franecki,8vD933fZQuJU_m0,Chance46@gmail.com,Connie,Rolfson,63100,Koss Corners North Ubaldo,1
87532,Giuseppe_Batz,cl__ul2YJ8xdeJ0,Fredrick30@hotmail.com,Deron,Renner,68846,Porter Mission Martinton,0
87668,Carmen_DAmore,chxRDGO4vZh6pTg,Moshe98@hotmail.com,Amaya,Buckridge,98581,Elroy Circle Bogisichfort,1
87707,Koby.Cruickshank21,XBNzdrpOUGhmTaU,Jerry.Weissnat@hotmail.com,Tessie,Predovic,4422,Peyton Course Lake Cliffordburgh,0
87718,Rachel_Ritchie47,jo2tyID7mcQkzKT,Elda.Hammes64@hotmail.com,Ben,Watsica,58634,Schmeler Fall Jorgefort,0
87828,Brianne18,XEdV3UzhOTNrCe_,Vella_Greenfelder10@yahoo.com,Ima,Schuster,13736,Owen Lane East Billie,1
88139,Louie40,cLYa7mErQOpVbg2,Rylee_Rau@gmail.com,Elna,Mosciski,77740,Trisha Ports Crawfordmouth,0
88395,Candida36,KVrxNAkGli7uvRu,Turner.Lehner7@hotmail.com,Naomie,Sawayn,89912,Cindy Motorway South Maud,1
89005,Juana87,Br0nbxlp8jPcjgc,Lisandro.Block77@hotmail.com,Donna,Maggio,36741,Kade Estate Myriamhaven,1
89021,Halie23,WFZOLDCF1uu9TDy,Lennie.Walsh78@yahoo.com,Breanne,Champlin,32224,Johnny Mill Thelmaberg,0
89714,Gustave65,iTBRMzGYrRXi1hm,Sophia25@hotmail.com,Crystel,Trantow,33312,Parker Extensions Emeraldberg,1
90677,Howell.Cronin,vyCD0W14RR9egsn,Kitty_Rutherford@gmail.com,Brandt,O'Reilly,52600,Walton Place Devontetown,0
90877,Jason3,5vRZCujUSGLGKbb,Lorenz_Schimmel@yahoo.com,Ibrahim,Grady,32218,Rogahn Loop South Aurorefort,0
90886,Norris_Wunsch,yelcrHo17l4MKGu,Micheal.Kulas@hotmail.com,Santiago,Wehner,23898,Linnea Key East Keith,0
90971,Beulah.Kovacek,vlKDmxWhLCYQCNy,Brandyn3@yahoo.com,Demarco,Nienow,63813,Heller Stream Vandervortmouth,0
91914,Rhiannon.Turner,eu0yydaG2MT901q,Doyle_Powlowski55@gmail.com,Eloy,Schowalter,17457,Johan Park Lake Herminaport,1
92107,Dora.Swift,EgBSUrTw95J20E5,Chelsey.Fahey24@hotmail.com,Susanna,Macejkovic,41554,Gibson Oval Hipolitohaven,0
92300,Loyal.Strosin45,qO22FkdMvFFi5e2,Aileen.Schaden@yahoo.com,Flavie,Schumm,20110,O'Kon Ferry Blandamouth,1
92548,Krystal_Koelpin,7dxQkAfRq_xD8Lz,Akeem97@gmail.com,Dario,Powlowski,7103,Otho Lakes North Zechariah,0
92629,Flavio_OConnell,4RqfIeeKpbkVd8s,Brandy99@yahoo.com,Pierre,Luettgen,34967,Cronin Corners Greenfurt,1
92846,Annamarie2,Iau8585e3_rPE2X,Tracey_Deckow@hotmail.com,Jermey,Dickens,86774,Leon Place East Emilia,0
94260,Abraham_Kulas,ygmmTq_is4RAQLO,Ansel_Steuber@gmail.com,Reid,Rath,62670,Oda Throughway East Alberta,1
94342,Abe_Heaney,m2YfZp4yTCqGpcO,Mack28@yahoo.com,Elenor,Wiegand,53066,Streich Pine West Annie,1
94446,Curt24,OhAEsuKVGTSf8t8,Raven61@hotmail.com,Ova,Ryan,49017,Schamberger Road Jodyville,1
94546,Enrique.Kautzer,Jzwj5RUAgPYmGRG,Leilani47@yahoo.com,Boyd,Heaney,52725,Lenore Isle North Kaycee,0
94739,Coty_Roberts,tyYlg_TAisTKVh3,Emiliano83@yahoo.com,Carmelo,Maggio,97081,Titus Grove Port Rocio,1
94846,Tierra_Paucek6,qVbJDWg83xk3U6K,Dave_Abbott@yahoo.com,Heber,O'Conner,75761,Merl Mews North Justyn,1
95038,Geovanny_Smitham16,zAlImSC82ELkIrR,Darren75@hotmail.com,Madaline,Boyer,56974,Tromp Fall Lake Roman,1
95096,Hortense_Cormier16,FJ4LsKfLthLWeVG,Brooklyn_Breitenberg63@hotmail.com,General,Cormier,53279,Kutch Parkway Lemketon,0
95370,Ebony82,7bLqsuuCLhuLWF5,Davin14@yahoo.com,Magnus,Schaefer,91040,Reba Isle East Careyfort,0
95488,Lavina_Powlowski,IPt8AocAsszRBqi,Deon4@gmail.com,Amiya,Padberg,23282,Georgiana Spring Lake Vern,0
95724,Nichole.Effertz,5VsFkYJ4ZEXhVF4,Marjory.Streich51@hotmail.com,Blanca,Stehr,70644,Jast Spur Lake Melissa,1
95898,Arvel_DAmore97,wHDFTAyueDOE6nU,Jasmin.Kiehn31@gmail.com,Jayce,Crist,86022,Bailey Crescent North Missouriberg,0
95940,Noe_Heller46,tPw9bH2ws6UZ2Wt,Willa.DuBuque@gmail.com,Layla,McKenzie,3166,Lebsack Creek Murazikmouth,1
96047,Micaela23,8f3XHkN321stbqd,Catalina46@yahoo.com,Victor,Lang,30862,Schultz Shores Chesterberg,1
96428,Kiarra.Kovacek89,KeDRU3Z2cLvwOI4,Dolly_Douglas@gmail.com,Colt,McClure,92629,Waters Mill North Demarcus,1
96431,Hilda.Williamson,Nu_o7lWSMgyT0e6,Nayeli.Borer44@gmail.com,Mathias,Hackett,2158,Jenkins Bridge Roscoemouth,0
96707,Jaida_Satterfield,bkMDFaeG2V__KlK,Lorenzo_Gerlach14@yahoo.com,Zachariah,Ankunding,51718,Hand Circles Port Macystad,0
96765,Darryl.Shanahan57,mSJ6hRoZQwTUuD8,Raina89@yahoo.com,Gussie,Satterfield,92812,Kaleigh Burg Lake Ramiro,1
97089,Roxanne42,tANyaScFvQw2WNi,Cydney66@yahoo.com,Garnet,Schultz,40615,Purdy Falls Melvinaview,1
97139,Jackson98,GlkFp7JqeJ37yWh,Jazmyne.Bosco69@hotmail.com,Marlen,Dach,31619,Tina Courts Lake Delia,1
97439,Virgie_Wintheiser,WDjeqxnxSDORM57,Janae_Miller@hotmail.com,Jermey,Wintheiser,85405,Fadel Views Pourosville,0
98127,Oswaldo.Schamberger93,BczSoSwuMqf4_uV,Kenneth.Grant@gmail.com,Kavon,Turner,9054,Skye Mall Sadiefort,0
98240,Naomi_Hand75,EhFqso5eJVMy8Xl,Janice.Koss@yahoo.com,Elwyn,Legros,17753,Hayes Street North Pauline,0
98280,Kim68,LYOisc963tO62Wy,Anne87@hotmail.com,Norwood,Boehm,61602,Pacocha Estates Kanestad,1
98635,Tyson25,O_2ADtFDGnr5cfb,Dominic69@hotmail.com,Kathryne,Swaniawski,17920,Alexis Islands Emardshire,0
98842,Sibyl_Rippin3,itCd9SpH7S5gUqX,Yasmin_Nienow@gmail.com,Josiane,Reichel,40094,Ismael Mission Lilafurt,1
98869,Viva_Schaden,UH_CLrlc5kHLqkw,Pascale25@yahoo.com,Gail,Wehner,89339,Casper Cape North Caterinaborough,1
98987,Marcia.Connelly64,z6Dad9lwKLqn7Ck,Deion.Mann@gmail.com,Simeon,Mosciski,39731,Roob Cove New Alexanderhaven,1
99070,Giles.Dietrich15,GeGKPSNWYTsv3R9,Major_Hickle39@hotmail.com,Reba,Rath,27605,Sunny Street South Breannefort,0
99100,Mateo_Beier,w67DrsQctrUUneR,Torey13@hotmail.com,Alford,Rosenbaum,44776,Nestor Turnpike Corkeryshire,1
99555,Gabrielle.Wyman12,vBfQssZHyx2CXRr,Lemuel4@yahoo.com,Damian,Crooks,92472,Jamison Circles Bayerstad,1
99579,Lennie.Kutch,Ei2qEb1httyRilL,Fanny70@hotmail.com,Llewellyn,Kris,23558,Turner Vista West Reyes,0
99589,Myles.Kiehn,aSHVvkVxmnNAtjo,Novella10@hotmail.com,Joseph,Bergnaum,64576,Mina Fall East Margotburgh,0
99703,Mekhi_Reichert53,k6NFVhKZuTafLKM,Cassidy_Murazik@hotmail.com,Addie,Rowe,40409,Quitzon Branch East Baronville,1
99708,Rupert91,_GO74kSVNHi8TqN,Leta.Kirlin@hotmail.com,Mervin,Kuphal,79205,Lebsack Brook Sporerhaven,0
99971,Jackie.Wilkinson54,ua8V1LoeljbUruX,Alena.Durgan@yahoo.com,Marlon,Murray,47098,Bednar Corner Chadrickborough,0
99996,Antonina87,c45XeZoEYrmePvv,Vesta_Schmidt@hotmail.com,Reilly,Mayert,23971,Hillary Bridge Marjoryville,0
