1,Carlie,31934,Tony Ranch Javonmouth
2,Chadd,33694,Rodrick Ports Port Lindafurt
3,Antonetta,74438,Reinger Union Eulahfort
4,Viva,76660,Volkman Cliff O'Connerhaven
5,Martin,26582,Borer Cove Lefflerburgh
6,Breanna,93880,Garrick Fall Hamillview
7,Fred,5681,Mckayla Run East Myrtisshire
8,Mikayla,10581,Rogahn Square Port Karli
9,Jasen,40503,Rolfson Field Vivashire
10,Mohammad,47806,Simonis Tunnel Port Darbyshire
11,Duncan,15675,Murazik Pike Port Brando
12,Ford,99342,Geoffrey Forest New Katrine
13,Neil,24426,Carter Brooks West Ramon
14,Jaylon,60604,Rita Trail Dorrisborough
15,Toney,99337,Lehner Extensions West Tony
16,Jennie,12396,Dannie View West Jerryberg
17,Maximillia,72213,Chester Lights Lindgrenland
18,Vaughn,76804,Lulu Fort South Hiram
19,Iva,63830,Carlo Fall Port Jadyntown
20,Marcus,15134,Earline Station East Willardchester
21,Abbey,15902,Sauer Ramp Smithamland
22,Pauline,75820,George Fields Dooleystad
23,Enola,77291,Hagenes Field Port Amosmouth
24,Alvah,94959,Darryl Shore South Irmabury
25,Magdalena,822,Balistreri Crossing Port Raul
26,Harry,96668,Delmer Flats East Lawrence
27,Genevieve,1280,Wehner Dam Kobemouth
28,Rickie,24240,Tyler Islands Port Declan
29,Katherine,81625,Edwina Springs West Raphaellebury
30,Kassandra,85822,Aileen Run Lake Ronny
31,Reuben,30424,Hettinger Springs Torpbury
32,Dean,60555,Sipes Points North Xander
33,Lon,31544,Gladyce Highway North Jadenborough
34,Miller,96176,Pearl Locks Heidenreichton
35,Leone,24843,Ron Tunnel Christianburgh
36,Roel,652,Karley Forge Heatherport
37,Mathilde,18528,Ledner Corner Fatimaland
38,Morton,24647,Stoltenberg Freeway Elianland
39,Maximilian,61866,Gunnar Spurs Stromantown
40,Florida,93426,Brain Glen Aldenview
41,Tracy,93639,Janice Square North Kadin
42,Glen,33703,Yost Manors South Kayleighmouth
43,Emmett,83724,Skylar Ports East Gonzaloville
44,Valentina,10994,Schmeler Vista South Rae
45,Kelsie,12183,Art Track East Stephany
46,Ramon,72374,Helga Spurs New Beatriceburgh
47,Jedediah,81847,White Ports Port Vanberg
48,Newell,2534,Buckridge Shores North Gerdaberg
49,Juanita,6494,Wisozk Stream Port Elwynborough
50,Murl,81437,Niko Dam New Shanachester
51,Gerardo,80150,Chasity Plains Mosesstad
52,Priscilla,4702,Dixie Lights DuBuquechester
53,Ebony,35182,Schaden Mountains Jillianchester
54,Ines,50893,Nina Dam Dannieshire
55,Vicenta,11435,Friesen Course Zariafurt
56,Russel,95168,Marty Expressway Jerdeport
57,Halle,25900,Fritsch Course Bodeside
58,Graham,54079,Bernita Freeway West Earnest
59,Candelario,20571,Lilian Port South Raymondshire
60,Jared,14981,Destiny Greens Rempelchester
61,Rae,29131,Jerry Island Lake Chancemouth
62,Kenyon,11652,Wilkinson Plaza Babyville
63,Else,5520,Ratke Burgs East Julioberg
64,Jaylon,13323,Monica Roads East Jamie
65,Jakayla,80380,Maiya Ridges Lake Griffin
66,Isom,65285,Kuvalis Vista North Bertramfurt
67,Elinor,88501,Beverly Via East Major
68,Dahlia,41150,Asa Ways Toymouth
69,Domenick,29036,Gertrude Camp South Tanya
70,Earl,41291,Creola Turnpike Dachberg
71,Americo,60104,Dale Burgs Littleton
72,Maymie,55794,Meta Avenue West Amina
73,Christelle,71451,Kendra Dam East Davontown
74,Leopold,84148,Fisher Common Littleport
75,Candida,73394,Garrison Groves Krisborough
76,Solon,44722,Pacocha Summit Cormierhaven
77,Lonie,25046,Royce Gardens Yostbury
78,Mckenna,81850,Leslie Path West Loganmouth
79,Triston,79927,Shawna Land Gennarotown
80,Dejah,34859,Lorenzo Club Greenholtfort
81,Frank,90582,Sanford Vista Lake Gailburgh
82,Diana,97355,Jones Street New Aglae
83,Andre,23822,Littel Road East Leabury
84,Mohammed,926,Keeling Burgs Torphyburgh
85,Westley,87084,Dickens Station Orinfurt
86,Laron,54391,Kevon Burg East Tyreek
87,Antoinette,36970,Hagenes Gardens East Carminetown
88,Myrtie,3883,Carmine Plaza West Ardithbury
89,Darrel,15896,Hartmann Walk Cartwrightburgh
90,Lucie,43143,Willow Walk West August
91,Jerad,25018,Cronin Harbors Cummeratatown
92,Salma,2025,Alize Dam South Alethamouth
93,Anastasia,22890,Hermann Divide Rooseveltport
94,Madilyn,87760,Wunsch Canyon Randalland
95,Nelson,74756,Kihn Road Imogeneburgh
96,Isaias,98034,Kathlyn Unions Port Cadeberg
97,Coralie,82440,Golda Summit East Miltonfort
98,Shaylee,16975,Meggie Islands Port Alisa
99,Verner,13500,Kip Place Keeblerview
100,Genoveva,62895,Gillian Locks Krajcikview
101,Brandyn,27529,Destiney Plaza Port Kody
102,Prince,35877,Freda Passage Sabrynaland
103,Roderick,53087,Hodkiewicz Knolls Archibaldview
104,Carson,38830,Wolff Course East Alyshafort
105,Thelma,47794,Grimes Locks Jermaineshire
106,Prince,74923,Krystal Shores Martymouth
107,Tom,47605,Rowland Rapid South Sadieburgh
108,Hazle,15129,Windler Cliffs Bayleeshire
109,Sydnee,63570,Towne Courts South Sienna
110,Alysa,27281,Stehr Corners New Theodoramouth
111,Rosamond,49790,Elsie Falls South Anya
112,Jess,30439,Spencer Island North Stone
113,Gwen,58277,Roma Extensions Port Tevinville
114,Olaf,69850,Mraz Drive Emanuelville
115,Elian,3270,Moore Pike Wayneport
116,Doris,12638,Lynch Underpass Port Hettieland
117,Domenica,2767,Lowe Gardens South Jakob
118,Evans,24638,Emmerich Roads New Marie
119,Alexandre,67798,Gaylord Springs Brownchester
120,Jayce,74101,Orval Valleys New Odie
121,Stacey,87509,Batz Inlet Starktown
122,Caleb,7932,Ziemann Falls North Betsyville
123,Jillian,32581,Emily Ville North Abel
124,Nikko,35967,Nicolas Estates South Evie
125,Annabelle,18590,Julian Plaza Tremayneport
126,Aylin,6322,Wiegand Forks Lake Vernon
127,Demetris,4305,Selina Pines Vicentestad
128,Effie,15349,Abigale Islands Schroederville
129,Alvena,39651,Lavina Shoal Willburgh
130,Carleton,92312,Maximus Lakes Hilllburgh
131,Berry,84998,Streich Valleys New Joanne
132,Stephania,59017,Rice Islands Port Katherinetown
133,Zackary,50116,Wiegand Skyway Pfannerstillton
134,Delia,21271,Matteo River Hammeshaven
135,Carolyne,64130,Durgan Oval West Ivachester
136,Wilber,26116,Brekke Springs North Zaria
137,Melyna,16066,Klocko Alley Marquardtfurt
138,Brycen,80468,Angela Forest Port Bettyberg
139,Major,46526,Lou Junctions West Michellestad
140,Maudie,69226,Princess Spring Port Norrisside
141,Alexanne,88530,Patrick Gardens Malachitown
142,Chase,80680,Pfannerstill Place Champlinmouth
143,Rylan,82979,Buckridge Ville Cartwrightton
144,Elody,30787,Macejkovic Lane Darylstad
145,Annabel,10654,Mike Walks North Deondrestad
146,Rocio,32621,Golden Common Sarahton
147,Paris,12270,Christiansen Isle New Sydneechester
148,Kariane,37681,Carroll Junctions Bahringerhaven
149,Brent,38765,Prohaska Vista Kiehnburgh
150,Corene,67169,Korbin Port Jarenfurt
151,Kylee,72792,Hagenes Estates Pollichville
152,Emmanuel,80391,Jenkins Village Kohlerton
153,Zelda,53647,Consuelo Expressway North Stephonhaven
154,Kayleigh,10480,Everardo Port East Aracely
155,Wade,572,Doyle Motorway Mableshire
156,Beaulah,66811,Lola Station Magdalenaside
157,Dustin,51095,Lauren Crossroad Halvorsonshire
158,Armando,5721,Moore Radial Port Marianemouth
159,Rasheed,53146,Myron Flat North Kamrenstad
160,Hayley,42962,Jamarcus Field Jasenberg
161,Brook,15741,Clement Overpass South Bethelhaven
162,Mckayla,2164,Rachel Circles Dickensborough
163,Abigail,72301,Angel Terrace South Sister
164,Euna,6094,Lowe Alley Raynorhaven
165,Elinor,75996,Caesar Squares West Nikki
166,Jordi,39832,Becker Forks East Charlotte
167,Adonis,52883,Ryan Curve West Buckside
168,Raegan,98347,Greenfelder Manor East Xavierside
169,Joanne,23551,Jesus Lights Erdmanshire
170,Bria,82500,Amely Rapid Adambury
171,Tracey,45996,Runolfsdottir Corner East Erik
172,Arch,65565,Alexane Shores Kimberlymouth
173,Shania,3179,Howell Walks Port Kaylah
174,Avis,43373,Schuyler Key Simonisborough
175,Bonita,48541,Barton Motorway Beierhaven
176,Shanna,29088,Laurianne Passage Tessieland
177,Assunta,61694,Ledner Mountains Lake Melyssaside
178,Lavinia,19113,Upton Orchard Port Carrollfurt
179,Deven,97369,Providenci Manor North Elodyville
180,Eleanore,48298,Walker Wall New Maiyatown
181,Cleve,47473,Paucek Squares Johnschester
182,Juliet,24593,Upton Forks West Lenore
183,Jeanette,93207,Brisa Heights East Gardner
184,Jerrold,53148,Virgie Valley Fidelview
185,Lavonne,47017,Bogan Alley South Loma
186,Loyce,71710,Lemke Forges South Aishaside
187,Sofia,4884,Donny Squares West Alfredo
188,Norbert,68050,Mina Crest East Earl
189,Elenor,65018,Price Street Kerlukeport
190,Robyn,27688,Pedro Common South Janeberg
191,Quinten,52580,Bode Lights Giovanniville
192,Troy,81407,Wisozk Trafficway Jessyburgh
193,Claude,12087,Legros Bridge Vivianneside
194,Clarissa,58304,Cyril Brook North Desireeberg
195,Ebba,70985,Shawna Viaduct East Ahmed
196,Caden,78575,Anderson Wall Bayerhaven
197,Raquel,645,Turcotte Fork Nikolasbury
198,Kamille,26764,Angelica Summit South Parisshire
199,Clint,65459,Everett Tunnel Lake Erickamouth
200,Christopher,23442,Weber Extension Port Tracyton
201,Colby,2976,Chaz Bridge West Noelia
202,Herbert,69810,Wuckert Vista Starkstad
203,Adeline,5708,Audra Common West Maxieton
204,Raven,8785,Mueller Light Kundestad
205,Watson,26922,Will Underpass Port Alvina
206,Warren,33030,Juana Throughway Bradberg
207,Alexandra,3854,Wehner Lodge Abdielmouth
208,Litzy,29469,Vada Highway Tanyabury
209,Gerson,65253,Salvatore Rapid Lake Eddie
210,Grace,83832,Dameon Way Framiborough
211,Isaias,54855,Lonzo Station South Hoyt
212,Hyman,8065,Alice Junctions Lake Anya
213,Mckenna,91291,Mya Grove Eastonshire
214,Edwardo,57272,Lera Via New Christophebury
215,Dedric,48708,Kennedy Stravenue New Marquiseborough
216,Gilbert,16336,Johnston Expressway West Tierra
217,Juanita,78211,Kohler Bypass North Carleeside
218,Jaylon,81247,Kenny Run Cadebury
219,Sid,49860,Kraig Oval Lake Eriberto
220,Magali,87158,Anne Groves Gottliebfurt
221,Grant,79016,Cummerata Mount Johnnyside
222,Augustus,75219,Rippin Turnpike Brannonchester
223,Rosetta,94184,Abagail Field Antonetteland
224,Felix,81112,Bechtelar Plain Murrayberg
225,Yvette,45136,Gislason Stream North Nolantown
226,Joshuah,87578,Hodkiewicz Ports West Abagail
227,Lorine,15672,Mohamed Falls Bruenton
228,Alphonso,30571,Cummerata Villages South Maymiebury
229,Athena,35084,Tommie Stravenue Casperhaven
230,Sincere,90073,Ashlee Divide Vellaborough
231,Cloyd,39410,Stanley Prairie Breitenbergfort
232,Roberto,60706,Christa Extension Angeloside
233,Estevan,90806,Nikolaus Streets Port Elenora
234,Lyla,20800,Adah Island South Clemmie
235,Presley,307,Christa Branch Wunschberg
236,Clementina,76323,Schuyler Crossroad South Elmo
237,Ethan,62930,Delbert Ridges West Mariela
238,Mae,21933,Heidenreich Lights New Javonte
239,Mona,52349,Oberbrunner Crossroad Metzburgh
240,Tom,94754,Heidenreich Valley Tremblaybury
241,Melissa,9964,Greenholt Park New Bobbiechester
242,Donato,89400,Treutel Street New Brittanyburgh
243,Nels,9492,Kasandra Oval Fredstad
244,Cali,23998,Dallas Ridges North Gerardshire
245,Cedrick,25348,Hudson Junction New Maximeview
246,Esta,19830,Ritchie Junctions Wittingview
247,Lowell,80794,Prosacco Road Tremblaymouth
248,Lelah,64505,Harvey Views Lake Dee
249,Ona,48524,Ken Crescent Krishaven
250,Fae,90392,Rath Lock Calebstad
251,Ezequiel,47410,Scarlett Highway Brannonbury
252,Ahmad,5984,Kellen Stream Lake Dora
253,Carmelo,2627,Wintheiser Grove Colliermouth
254,Ollie,42191,O'Keefe Rue Rueckerburgh
255,Brent,27109,Lilla Station Lake Penelope
256,Destany,49816,Americo Park Port Emmie
257,Kelley,22051,Reichert Mount Port Newell
258,Neva,35483,Lehner Ports Willmsview
259,Deonte,33050,Archibald Parkways Mallorybury
260,Arnold,48714,Hosea Branch Tremblaytown
261,Nola,1917,Ariane Ford Raphaellechester
262,Neva,14498,Heaven Motorway East Mercedes
263,Ettie,37814,Rath Center East Vivianneberg
264,Ahmed,31938,Shields Port New Giovannihaven
265,Cleora,13990,McClure Trail Hansenberg
266,Annabel,43109,Krystal Drive Dillanmouth
267,Dallas,29092,Marlin Prairie New Drakeshire
268,Annie,90789,Orrin Burgs Hayesburgh
269,Heaven,96400,Lubowitz Burgs Lake Maymie
270,Raul,44952,Abel Haven Arelyshire
271,Billie,97530,Beier Plains Littlefurt
272,Elna,89600,Bobby Expressway Haagfurt
273,Harmony,10274,Marks Rue West Norval
274,Rex,71878,Gloria Place Lake Osbaldoview
275,Dortha,30039,Sigurd Trail West Abigaylefort
276,Armani,44053,Cummings Fork Gunnarchester
277,Maximillian,37617,Block Roads South Emmetttown
278,Christina,2401,Emmie Forges North Kevinstad
279,Natasha,59688,Tillman Vista Florinefurt
280,Oda,31150,Reginald Ramp Jordonshire
281,Dena,54310,Alvena Points Efrainville
282,Ole,58978,Beier Mills Adamsbury
283,Autumn,52697,Spinka Throughway Hilpertport
284,Bria,68571,Hugh Route Lindgrenton
285,Karlie,81794,Rohan Ferry Annaland
286,Ralph,56248,Cruickshank Lock East Brandostad
287,Haskell,59444,Johnson Lodge West Julieport
288,Elisabeth,24473,Gorczany Greens Malloryberg
289,Eryn,44694,Spinka Village Aureliahaven
290,Mohammad,95739,Layne Rest West Corenechester
291,Xander,19493,Jared Light East Ross
292,Gregory,51077,Olson Glen South Maureenhaven
293,Rebecca,87404,Lon Way Kuhnmouth
294,Tamia,6399,Wendell Ford Russelmouth
295,Sheridan,67848,Ari Lodge Kesslerberg
296,Armani,89412,Roberts Key Harmonberg
297,Keith,3246,Rice Club Rathbury
298,Lulu,87284,Bernier Stravenue Blockchester
299,Lennie,70194,Effertz Squares South Lorenzfurt
300,Jettie,88601,Moises Point Wilkinsonbury
301,Dean,23140,Amos Meadow West Jada
302,Chanelle,17284,Trudie Ranch Lilyanbury
303,Liza,50646,Crooks Mills Elviemouth
304,Roderick,49578,Deckow Course Blakeburgh
305,Jaylan,65017,Hailey Grove North Dinotown
306,Rollin,83986,Leuschke Neck Pagacport
307,Alanis,81193,Sasha Overpass South Corene
308,Solon,6483,Ratke Coves South Margarettaburgh
309,Amari,64325,Assunta Corner Noblemouth
310,Molly,37857,Lela Drive South Hazlehaven
311,Pierce,69714,Fritsch Highway Marilyneshire
312,Kellen,26826,Aufderhar Highway Bartellfort
313,Valentine,45972,Karli Circles Lelahmouth
314,Polly,12760,Jeramie Pike Connormouth
315,Barton,8153,Adolphus Extensions South Rollin
316,Arnaldo,22309,Hartmann Extension Ethashire
317,Tyrel,85557,Effie Crest New Mikechester
318,Mitchell,74493,Destany Plains Arnehaven
319,Alfred,85736,Fahey Knolls New Johanntown
320,Henriette,29922,Carter Crescent Smithamborough
321,Marjorie,15901,Richmond Crossing Lake Claudie
322,Gavin,35581,Joel Avenue North Rubiefort
323,Laurel,76448,Lysanne Unions South Cooper
324,Aisha,44160,Everett Shoal Binsfort
325,Flossie,62662,Dickens Extension Wolffurt
326,Paolo,49418,Buckridge Grove East Ocie
327,Gaylord,20626,Gregorio Park South Melvinstad
328,Tyrel,14277,Crist Junction Port Jarred
329,Enoch,16857,Reynolds Drive Hamillmouth
330,Aubrey,66376,Krajcik Divide Augustborough
331,Gunner,84577,Delaney Mall New Zacheryville
332,Lenna,4223,Haley Garden Goodwinshire
333,Maverick,79755,Mitchell Garden Paigeton
334,Burdette,70827,Cole Stravenue McCulloughstad
335,Will,53943,Nannie Stravenue Port Alivia
336,Toy,36893,Block Viaduct O'Reillychester
337,Henderson,79053,Mervin Wall Todland
338,Cordell,5194,Cory Trafficway East Ashatown
339,Magnus,43266,Tremblay Hill North Emilychester
340,Kiarra,59544,Hudson Shoals Hammeschester
341,Rylee,53566,Alaina Canyon New Schuyler
342,Coty,13379,Rippin Fork Kertzmannfurt
343,Giovani,88833,Mariano Views Cassinport
344,Meggie,63735,Anthony Ports Port Vena
345,Skye,63944,Moen Estates New Lonny
346,Zetta,73356,Maurice Rapid Bahringerfort
347,Mafalda,26556,Jacklyn Isle North Jeffreyfurt
348,Austen,67008,Kris Fields New Candelario
349,Ulices,76576,Murphy Tunnel North Amely
350,Magnus,25753,Helmer Bypass Hettiemouth
351,Murphy,85912,Ransom Forge West Curt
352,Candace,32298,Kiera Spurs Kulasfurt
353,Destany,65433,Jennyfer Place East Trevion
354,Ocie,37913,Brisa Cove Wisokystad
355,Adele,58859,Stark Causeway Christiansenfort
356,Vladimir,68546,Nathaniel Passage South Nelle
357,Jaden,50890,Ernser Way West Velda
358,Jacinto,72572,Carmella Spring Jakaylamouth
359,Brad,63861,Dickinson Valleys Rubiehaven
360,Woodrow,81848,Grace Way Heaneyport
361,Lora,16058,Kirlin Port Schaeferfort
362,Wanda,85571,Goodwin Village Murrayfort
363,Porter,67528,Goyette Common Leonorton
364,Eino,7047,Bradtke Summit Port Fletcherville
365,Elmo,84287,Ila River South Wiltonmouth
366,Gerald,43887,Stanton Via East Kodyside
367,Aimee,82993,Brakus Crescent Lake Vilma
368,Maritza,44029,Dooley Manor North Claudmouth
369,Dalton,32657,Brycen Mount Mosciskifurt
370,Ashleigh,6155,Laura Circle Zulaufberg
371,Jordyn,23065,Sawayn Stravenue North Michelleside
372,Mohamed,93649,Frami Inlet North Ahmadfurt
373,Makenna,75329,Corrine Common Port Ross
374,Prince,65240,Marquardt Views Lake Susieshire
375,Clarissa,19511,Thiel Corner Pfannerstillville
376,Zena,38492,Johann Walk East Elmira
377,Geovany,93166,Russel Gateway Hellerton
378,Jalen,99859,McGlynn Parkway Hilpertview
379,Donald,76575,Hilll Brooks South Evangelinemouth
380,Aidan,59334,Dora Skyway Keelinghaven
381,Tia,24531,Micah Neck Feestport
382,Kobe,99893,Smith Walks Emardville
383,Reymundo,26052,Gaylord Knolls Lake Adalberto
384,Ansley,38144,Daugherty Plains East Elfriedabury
385,Scarlett,72607,Miller Valley Port Gwen
386,Catharine,84343,Hackett Stream North Golden
387,Lawrence,22889,Nikolas Trail Blockstad
388,Jaydon,70211,Danial Union Lake Lizzie
389,Ali,20229,Lynch Expressway Annabellstad
390,Francesco,21559,Will Cliffs Elmoreberg
391,Easton,39015,Cassandre Mountain Keyshawnborough
392,Malvina,70103,Donnelly Extension East Chloe
393,Noe,86121,Elody Divide Tristonburgh
394,Gillian,16522,Osinski Drive Veumtown
395,Austyn,53763,Ariel Expressway Yostport
396,Ayden,23367,Schulist Key Obiehaven
397,Zackery,28596,Telly Estate Port Pinkiefort
398,Meta,69872,Torp Fields Gerlachview
399,Hailey,16963,Camden Parks Lake Estevanmouth
